{
  "name": "Bright Saw Stack",
  "volume": 1.0,
  "samples": [
    {
      "volume": 1,
      "minVelocity": 0,
      "maxVelocity": 127,
      "attack": 100,
      "decay": 1000,
      "sustain": 1,
      "release": 100,
      "startTime": 0,
      "resumeTime": 0.0819048,
      "endTime": 1.1713832,
      "displayFlags": 199,
      "filename": "general-0381.wav",
      "basePitch": 60,
      "minPitch": 0,
      "maxPitch": 65
    },
    {
      "volume": 1,
      "minVelocity": 0,
      "maxVelocity": 127,
      "attack": 100,
      "decay": 1000,
      "sustain": 1,
      "release": 100,
      "startTime": 0,
      "resumeTime": 0.0819048,
      "endTime": 1.1713832,
      "displayFlags": 199,
      "filename": "general-0101.wav",
      "basePitch": 60,
      "minPitch": 66,
      "maxPitch": 77
    },
    {
      "volume": 1,
      "minVelocity": 0,
      "maxVelocity": 127,
      "attack": 100,
      "decay": 1000,
      "sustain": 1,
      "release": 100,
      "startTime": 0,
      "resumeTime": 0.0274603,
      "endTime": 0.7407256,
      "displayFlags": 199,
      "filename": "general-0382.wav",
      "basePitch": 84,
      "minPitch": 78,
      "maxPitch": 89
    },
    {
      "volume": 1,
      "minVelocity": 0,
      "maxVelocity": 127,
      "attack": 100,
      "decay": 1000,
      "sustain": 1,
      "release": 100,
      "startTime": 0,
      "resumeTime": 0.0274376,
      "endTime": 0.7407256,
      "displayFlags": 199,
      "filename": "general-0103.wav",
      "basePitch": 84,
      "minPitch": 90,
      "maxPitch": 101
    },
    {
      "volume": 1,
      "minVelocity": 0,
      "maxVelocity": 127,
      "attack": 100,
      "decay": 1000,
      "sustain": 1,
      "release": 100,
      "startTime": 0,
      "resumeTime": 0.0273923,
      "endTime": 0.7406803,
      "displayFlags": 199,
      "filename": "general-0102.wav",
      "basePitch": 84,
      "minPitch": 102,
      "maxPitch": 113
    }
  ]
}