{
  "name": "Drumkit 1",
  "volume": 1,
  "samples": [
    {
      "volume": 1,
      "minVelocity": 0,
      "maxVelocity": 127,
      "attack": 0,
      "decay": 9000,
      "sustain": 0.00001,
      "release": 6210.5,
      "startTime": 0,
      "resumeTime": -1,
      "endTime": 0.8328345,
      "displayFlags": 71,
      "filename": "fluidgm-0788.wav",
      "basePitch": 43.05,
      "minPitch": 43,
      "maxPitch": 43
    },
    {
      "volume": 1,
      "minVelocity": 0,
      "maxVelocity": 127,
      "attack": 0,
      "decay": 9000,
      "sustain": 0.00001,
      "release": 6210.5,
      "startTime": 0,
      "resumeTime": -1,
      "endTime": 1.0011791,
      "displayFlags": 71,
      "filename": "fluidgm-0786.wav",
      "basePitch": 50.05,
      "minPitch": 50,
      "maxPitch": 50
    },
    {
      "volume": 1,
      "minVelocity": 0,
      "maxVelocity": 127,
      "attack": 0,
      "decay": 9000,
      "sustain": 0.00001,
      "release": 6210.5,
      "startTime": 0,
      "resumeTime": -1,
      "endTime": 0.9924717,
      "displayFlags": 71,
      "filename": "fluidgm-0784.wav",
      "basePitch": 41.05,
      "minPitch": 41,
      "maxPitch": 41
    },
    {
      "volume": 1,
      "minVelocity": 0,
      "maxVelocity": 127,
      "attack": 0,
      "decay": 9000,
      "sustain": 0.00001,
      "release": 6210.5,
      "startTime": 0,
      "resumeTime": -1,
      "endTime": 0.947551,
      "displayFlags": 71,
      "filename": "fluidgm-0778.wav",
      "basePitch": 48.05,
      "minPitch": 48,
      "maxPitch": 48
    },
    {
      "volume": 1,
      "minVelocity": 0,
      "maxVelocity": 127,
      "attack": 0,
      "decay": 9000,
      "sustain": 0.00001,
      "release": 6210.5,
      "startTime": 0,
      "resumeTime": -1,
      "endTime": 1.1637188,
      "displayFlags": 71,
      "filename": "fluidgm-0780.wav",
      "basePitch": 45.05,
      "minPitch": 45,
      "maxPitch": 45
    },
    {
      "volume": 1,
      "minVelocity": 0,
      "maxVelocity": 127,
      "attack": 0,
      "decay": 9000,
      "sustain": 0.00001,
      "release": 6210.5,
      "startTime": 0,
      "resumeTime": -1,
      "endTime": 1.0098866,
      "displayFlags": 71,
      "filename": "fluidgm-0782.wav",
      "basePitch": 47.05,
      "minPitch": 47,
      "maxPitch": 47
    },
    {
      "volume": 1,
      "minVelocity": 0,
      "maxVelocity": 80,
      "attack": 7,
      "decay": 3000.1,
      "sustain": 0.00001,
      "release": 1645.7,
      "startTime": 0,
      "resumeTime": -1,
      "endTime": 0.4678458,
      "displayFlags": 87,
      "filename": "fluidgm-0734.wav",
      "basePitch": 38,
      "minPitch": 38,
      "maxPitch": 38
    },
    {
      "volume": 1,
      "minVelocity": 81,
      "maxVelocity": 88,
      "attack": 6,
      "decay": 4999.1,
      "sustain": 0.00001,
      "release": 1393.3,
      "startTime": 0,
      "resumeTime": -1,
      "endTime": 0.4678458,
      "displayFlags": 95,
      "filename": "fluidgm-0734.wav",
      "basePitch": 38,
      "minPitch": 38,
      "maxPitch": 38
    },
    {
      "volume": 1,
      "minVelocity": 89,
      "maxVelocity": 96,
      "attack": 5,
      "decay": 7000.7,
      "sustain": 0.00001,
      "release": 1855.1,
      "startTime": 0,
      "resumeTime": -1,
      "endTime": 0.4678458,
      "displayFlags": 95,
      "filename": "fluidgm-0734.wav",
      "basePitch": 38,
      "minPitch": 38,
      "maxPitch": 38
    },
    {
      "volume": 1,
      "minVelocity": 97,
      "maxVelocity": 104,
      "attack": 4,
      "decay": 9000.5,
      "sustain": 0.00001,
      "release": 2296.8,
      "startTime": 0,
      "resumeTime": -1,
      "endTime": 0.4678458,
      "displayFlags": 95,
      "filename": "fluidgm-0734.wav",
      "basePitch": 38,
      "minPitch": 38,
      "maxPitch": 38
    },
    {
      "volume": 1,
      "minVelocity": 105,
      "maxVelocity": 112,
      "attack": 3,
      "decay": 10998,
      "sustain": 0.00001,
      "release": 2723.4,
      "startTime": 0,
      "resumeTime": -1,
      "endTime": 0.4678458,
      "displayFlags": 95,
      "filename": "fluidgm-0734.wav",
      "basePitch": 38,
      "minPitch": 38,
      "maxPitch": 38
    },
    {
      "volume": 1,
      "minVelocity": 113,
      "maxVelocity": 120,
      "attack": 2,
      "decay": 13003.5,
      "sustain": 0.00001,
      "release": 3140.2,
      "startTime": 0,
      "resumeTime": -1,
      "endTime": 0.4678458,
      "displayFlags": 95,
      "filename": "fluidgm-0734.wav",
      "basePitch": 38,
      "minPitch": 38,
      "maxPitch": 38
    },
    {
      "volume": 1,
      "minVelocity": 121,
      "maxVelocity": 127,
      "attack": 0,
      "decay": 14997.7,
      "sustain": 0.00001,
      "release": 3545,
      "startTime": 0,
      "resumeTime": -1,
      "endTime": 0.4678458,
      "displayFlags": 79,
      "filename": "fluidgm-0734.wav",
      "basePitch": 38,
      "minPitch": 38,
      "maxPitch": 38
    },
    {
      "volume": 1,
      "minVelocity": 0,
      "maxVelocity": 80,
      "attack": 7,
      "decay": 3000.1,
      "sustain": 0.00001,
      "release": 1645.7,
      "startTime": 0,
      "resumeTime": -1,
      "endTime": 0.5266213,
      "displayFlags": 87,
      "filename": "fluidgm-0732.wav",
      "basePitch": 40,
      "minPitch": 40,
      "maxPitch": 40
    },
    {
      "volume": 1,
      "minVelocity": 81,
      "maxVelocity": 88,
      "attack": 6,
      "decay": 4999.1,
      "sustain": 0.00001,
      "release": 1393.3,
      "startTime": 0,
      "resumeTime": -1,
      "endTime": 0.5266213,
      "displayFlags": 95,
      "filename": "fluidgm-0732.wav",
      "basePitch": 40,
      "minPitch": 40,
      "maxPitch": 40
    },
    {
      "volume": 1,
      "minVelocity": 89,
      "maxVelocity": 96,
      "attack": 5,
      "decay": 7000.7,
      "sustain": 0.00001,
      "release": 1855.1,
      "startTime": 0,
      "resumeTime": -1,
      "endTime": 0.5266213,
      "displayFlags": 95,
      "filename": "fluidgm-0732.wav",
      "basePitch": 40,
      "minPitch": 40,
      "maxPitch": 40
    },
    {
      "volume": 1,
      "minVelocity": 97,
      "maxVelocity": 104,
      "attack": 4,
      "decay": 9000.5,
      "sustain": 0.00001,
      "release": 2296.8,
      "startTime": 0,
      "resumeTime": -1,
      "endTime": 0.5266213,
      "displayFlags": 95,
      "filename": "fluidgm-0732.wav",
      "basePitch": 40,
      "minPitch": 40,
      "maxPitch": 40
    },
    {
      "volume": 1,
      "minVelocity": 105,
      "maxVelocity": 112,
      "attack": 3,
      "decay": 10998,
      "sustain": 0.00001,
      "release": 2723.4,
      "startTime": 0,
      "resumeTime": -1,
      "endTime": 0.5266213,
      "displayFlags": 95,
      "filename": "fluidgm-0732.wav",
      "basePitch": 40,
      "minPitch": 40,
      "maxPitch": 40
    },
    {
      "volume": 1,
      "minVelocity": 113,
      "maxVelocity": 120,
      "attack": 2,
      "decay": 13003.5,
      "sustain": 0.00001,
      "release": 3140.2,
      "startTime": 0,
      "resumeTime": -1,
      "endTime": 0.5266213,
      "displayFlags": 95,
      "filename": "fluidgm-0732.wav",
      "basePitch": 40,
      "minPitch": 40,
      "maxPitch": 40
    },
    {
      "volume": 1,
      "minVelocity": 121,
      "maxVelocity": 127,
      "attack": 0,
      "decay": 14997.7,
      "sustain": 0.00001,
      "release": 3545,
      "startTime": 0,
      "resumeTime": -1,
      "endTime": 0.5266213,
      "displayFlags": 79,
      "filename": "fluidgm-0732.wav",
      "basePitch": 40,
      "minPitch": 40,
      "maxPitch": 40
    },
    {
      "volume": 0.176567,
      "minVelocity": 0,
      "maxVelocity": 127,
      "attack": 0,
      "decay": 0,
      "sustain": 1,
      "release": 6210.5,
      "startTime": 0,
      "resumeTime": -1,
      "endTime": 0.7109297,
      "displayFlags": 71,
      "filename": "fluidgm-1062.wav",
      "basePitch": 42,
      "minPitch": 42,
      "maxPitch": 42
    },
    {
      "volume": 0.176567,
      "minVelocity": 0,
      "maxVelocity": 127,
      "attack": 0,
      "decay": 0,
      "sustain": 1,
      "release": 6210.5,
      "startTime": 0,
      "resumeTime": -1,
      "endTime": 0.5106576,
      "displayFlags": 71,
      "filename": "fluidgm-1060.wav",
      "basePitch": 44,
      "minPitch": 44,
      "maxPitch": 44
    },
    {
      "volume": 0.558355,
      "minVelocity": 0,
      "maxVelocity": 127,
      "attack": 0,
      "decay": 0,
      "sustain": 1,
      "release": 6210.5,
      "startTime": 0,
      "resumeTime": -1,
      "endTime": 3.1669388,
      "displayFlags": 71,
      "filename": "fluidgm-1058.wav",
      "basePitch": 46,
      "minPitch": 46,
      "maxPitch": 46
    },
    {
      "volume": 1,
      "minVelocity": 0,
      "maxVelocity": 80,
      "attack": 7,
      "decay": 3000.1,
      "sustain": 0.00001,
      "release": 1645.7,
      "startTime": 0,
      "resumeTime": -1,
      "endTime": 0.2814512,
      "displayFlags": 87,
      "filename": "fluidgm-0755.wav",
      "basePitch": 36.06,
      "minPitch": 35,
      "maxPitch": 36
    },
    {
      "volume": 1,
      "minVelocity": 81,
      "maxVelocity": 88,
      "attack": 6,
      "decay": 4999.1,
      "sustain": 0.00001,
      "release": 1393.3,
      "startTime": 0,
      "resumeTime": -1,
      "endTime": 0.2814512,
      "displayFlags": 95,
      "filename": "fluidgm-0755.wav",
      "basePitch": 36.05,
      "minPitch": 35,
      "maxPitch": 36
    },
    {
      "volume": 1,
      "minVelocity": 89,
      "maxVelocity": 96,
      "attack": 5,
      "decay": 7000.7,
      "sustain": 0.00001,
      "release": 1855.1,
      "startTime": 0,
      "resumeTime": -1,
      "endTime": 0.2814512,
      "displayFlags": 95,
      "filename": "fluidgm-0755.wav",
      "basePitch": 36.04,
      "minPitch": 35,
      "maxPitch": 36
    },
    {
      "volume": 1,
      "minVelocity": 97,
      "maxVelocity": 104,
      "attack": 4,
      "decay": 9000.5,
      "sustain": 0.00001,
      "release": 2296.8,
      "startTime": 0,
      "resumeTime": -1,
      "endTime": 0.2814512,
      "displayFlags": 95,
      "filename": "fluidgm-0755.wav",
      "basePitch": 36.03,
      "minPitch": 35,
      "maxPitch": 36
    },
    {
      "volume": 1,
      "minVelocity": 105,
      "maxVelocity": 112,
      "attack": 3,
      "decay": 10998,
      "sustain": 0.00001,
      "release": 2723.4,
      "startTime": 0,
      "resumeTime": -1,
      "endTime": 0.2814512,
      "displayFlags": 95,
      "filename": "fluidgm-0755.wav",
      "basePitch": 36.02,
      "minPitch": 35,
      "maxPitch": 36
    },
    {
      "volume": 1,
      "minVelocity": 113,
      "maxVelocity": 120,
      "attack": 2,
      "decay": 13003.5,
      "sustain": 0.00001,
      "release": 3140.2,
      "startTime": 0,
      "resumeTime": -1,
      "endTime": 0.2814512,
      "displayFlags": 95,
      "filename": "fluidgm-0755.wav",
      "basePitch": 36.01,
      "minPitch": 35,
      "maxPitch": 36
    },
    {
      "volume": 1,
      "minVelocity": 121,
      "maxVelocity": 127,
      "attack": 0,
      "decay": 14997.7,
      "sustain": 0.00001,
      "release": 3545,
      "startTime": 0,
      "resumeTime": -1,
      "endTime": 0.2814512,
      "displayFlags": 79,
      "filename": "fluidgm-0755.wav",
      "basePitch": 36,
      "minPitch": 35,
      "maxPitch": 36
    },
    {
      "volume": 0.497634,
      "minVelocity": 0,
      "maxVelocity": 127,
      "attack": 0,
      "decay": 44994.2,
      "sustain": 1,
      "release": 6389.9,
      "startTime": 0,
      "resumeTime": -1,
      "endTime": 8.5220408,
      "displayFlags": 71,
      "filename": "fluidgm-0773.wav",
      "basePitch": 49,
      "minPitch": 49,
      "maxPitch": 49
    },
    {
      "volume": 0.313986,
      "minVelocity": 0,
      "maxVelocity": 127,
      "attack": 0,
      "decay": 44994.2,
      "sustain": 1,
      "release": 6389.9,
      "startTime": 0,
      "resumeTime": -1,
      "endTime": 5.6974603,
      "displayFlags": 71,
      "filename": "fluidgm-0775.wav",
      "basePitch": 57,
      "minPitch": 57,
      "maxPitch": 57
    },
    {
      "volume": 0.27984,
      "minVelocity": 0,
      "maxVelocity": 127,
      "attack": 0,
      "decay": 0,
      "sustain": 1,
      "release": 6389.9,
      "startTime": 0,
      "resumeTime": -1,
      "endTime": 3.2854422,
      "displayFlags": 71,
      "filename": "fluidgm-0771.wav",
      "basePitch": 53,
      "minPitch": 53,
      "maxPitch": 53
    },
    {
      "volume": 0.27984,
      "minVelocity": 0,
      "maxVelocity": 127,
      "attack": 0,
      "decay": 44994.2,
      "sustain": 1,
      "release": 5474.3,
      "startTime": 0,
      "resumeTime": -1,
      "endTime": 2.9429478,
      "displayFlags": 71,
      "filename": "fluidgm-0767.wav",
      "basePitch": 59,
      "minPitch": 59,
      "maxPitch": 59
    },
    {
      "volume": 0.332591,
      "minVelocity": 0,
      "maxVelocity": 127,
      "attack": 0,
      "decay": 44994.2,
      "sustain": 1,
      "release": 4527,
      "startTime": 0,
      "resumeTime": -1,
      "endTime": 2.5830385,
      "displayFlags": 71,
      "filename": "fluidgm-0769.wav",
      "basePitch": 51,
      "minPitch": 51,
      "maxPitch": 51
    },
    {
      "volume": 0.27984,
      "minVelocity": 0,
      "maxVelocity": 127,
      "attack": 0,
      "decay": 39992.8,
      "sustain": 1,
      "release": 4527,
      "startTime": 0,
      "resumeTime": -1,
      "endTime": 3.5814966,
      "displayFlags": 71,
      "filename": "fluidgm-0765.wav",
      "basePitch": 52,
      "minPitch": 52,
      "maxPitch": 52
    },
    {
      "volume": 0.395285,
      "minVelocity": 0,
      "maxVelocity": 127,
      "attack": 0,
      "decay": 39992.8,
      "sustain": 1,
      "release": 4527,
      "startTime": 0,
      "resumeTime": -1,
      "endTime": 2.6969388,
      "displayFlags": 71,
      "filename": "fluidgm-0757.wav",
      "basePitch": 55,
      "minPitch": 55,
      "maxPitch": 55
    }
  ]
}
