{
  "name": "Violin_1",
  "volume": 1.0,
  "samples": [
    {
      "volume": 0.501187,
      "minVelocity": 0,
      "maxVelocity": 127,
      "attack": 10,
      "decay": 0,
      "sustain": 1,
      "release": 400.1,
      "startTime": 0,
      "resumeTime": 0.8442261,
      "endTime": 1.3467285,
      "displayFlags": 199,
      "filename": "general-0063.wav",
      "basePitch": 55.43,
      "minPitch": 0,
      "maxPitch": 57
    },
    {
      "volume": 0.707946,
      "minVelocity": 0,
      "maxVelocity": 127,
      "attack": 10,
      "decay": 0,
      "sustain": 1,
      "release": 400.1,
      "startTime": 0,
      "resumeTime": 0.8803268,
      "endTime": 1.4551409,
      "displayFlags": 199,
      "filename": "general-0061.wav",
      "basePitch": 58.36,
      "minPitch": 58,
      "maxPitch": 60
    },
    {
      "volume": 1,
      "minVelocity": 0,
      "maxVelocity": 127,
      "attack": 10,
      "decay": 0,
      "sustain": 1,
      "release": 400.1,
      "startTime": 0,
      "resumeTime": 0.7881799,
      "endTime": 1.3374917,
      "displayFlags": 199,
      "filename": "general-0058.wav",
      "basePitch": 62.56,
      "minPitch": 61,
      "maxPitch": 64
    },
    {
      "volume": 1,
      "minVelocity": 0,
      "maxVelocity": 127,
      "attack": 10,
      "decay": 0,
      "sustain": 1,
      "release": 400.1,
      "startTime": 0,
      "resumeTime": 0.746596,
      "endTime": 1.2978214,
      "displayFlags": 199,
      "filename": "general-0055.wav",
      "basePitch": 65.72,
      "minPitch": 65,
      "maxPitch": 67
    },
    {
      "volume": 1,
      "minVelocity": 0,
      "maxVelocity": 127,
      "attack": 10,
      "decay": 0,
      "sustain": 1,
      "release": 400.1,
      "startTime": 0,
      "resumeTime": 0.8660852,
      "endTime": 1.4029219,
      "displayFlags": 199,
      "filename": "general-0062.wav",
      "basePitch": 69.61,
      "minPitch": 68,
      "maxPitch": 71
    },
    {
      "volume": 1,
      "minVelocity": 0,
      "maxVelocity": 127,
      "attack": 10,
      "decay": 0,
      "sustain": 1,
      "release": 400.1,
      "startTime": 0,
      "resumeTime": 0.5449695,
      "endTime": 1.0969309,
      "displayFlags": 199,
      "filename": "general-0059.wav",
      "basePitch": 72.58,
      "minPitch": 72,
      "maxPitch": 75
    },
    {
      "volume": 0.630957,
      "minVelocity": 0,
      "maxVelocity": 127,
      "attack": 10,
      "decay": 0,
      "sustain": 1,
      "release": 400.1,
      "startTime": 0,
      "resumeTime": 0.8319717,
      "endTime": 1.3085302,
      "displayFlags": 199,
      "filename": "general-0056.wav",
      "basePitch": 76.43,
      "minPitch": 76,
      "maxPitch": 77
    },
    {
      "volume": 1,
      "minVelocity": 0,
      "maxVelocity": 127,
      "attack": 10,
      "decay": 0,
      "sustain": 1,
      "release": 400.1,
      "startTime": 0,
      "resumeTime": 0.8424229,
      "endTime": 1.3711636,
      "displayFlags": 199,
      "filename": "general-0054.wav",
      "basePitch": 77.36,
      "minPitch": 78,
      "maxPitch": 80
    },
    {
      "volume": 0.707946,
      "minVelocity": 0,
      "maxVelocity": 127,
      "attack": 10,
      "decay": 0,
      "sustain": 1,
      "release": 400.1,
      "startTime": 0,
      "resumeTime": 0.8776036,
      "endTime": 1.3811732,
      "displayFlags": 199,
      "filename": "general-0060.wav",
      "basePitch": 82.48,
      "minPitch": 81,
      "maxPitch": 84
    },
    {
      "volume": 1,
      "minVelocity": 0,
      "maxVelocity": 127,
      "attack": 10,
      "decay": 0,
      "sustain": 1,
      "release": 400.1,
      "startTime": 0,
      "resumeTime": 0.757268,
      "endTime": 1.2526312,
      "displayFlags": 199,
      "filename": "general-0057.wav",
      "basePitch": 86.34,
      "minPitch": 85,
      "maxPitch": 89
    },
    {
      "volume": 0.707946,
      "minVelocity": 0,
      "maxVelocity": 127,
      "attack": 10,
      "decay": 0,
      "sustain": 1,
      "release": 400.1,
      "startTime": 0,
      "resumeTime": 1.053507,
      "endTime": 1.4966144,
      "displayFlags": 199,
      "filename": "general-0064.wav",
      "basePitch": 90.39,
      "minPitch": 90,
      "maxPitch": 96
    },
    {
      "volume": 0.398107,
      "minVelocity": 0,
      "maxVelocity": 127,
      "attack": 10,
      "decay": 0,
      "sustain": 1,
      "release": 400.1,
      "startTime": 0,
      "resumeTime": 1.053507,
      "endTime": 1.4966144,
      "displayFlags": 199,
      "filename": "general-0064.wav",
      "basePitch": 90.39,
      "minPitch": 97,
      "maxPitch": 112
    }
  ]
}