{
  "name": "Orchestral Harp",
  "volume": 1.0,
  "samples": [
    {
      "volume": 0.398107,
      "minVelocity": 0,
      "maxVelocity": 127,
      "attack": 8,
      "decay": 9998.2,
      "sustain": 0.000016,
      "release": 4999.1,
      "startTime": 0,
      "resumeTime": 0.7506133,
      "endTime": 0.847813,
      "displayFlags": 199,
      "filename": "general-0422.wav",
      "basePitch": 52,
      "minPitch": 0,
      "maxPitch": 33
    },
    {
      "volume": 0.398107,
      "minVelocity": 0,
      "maxVelocity": 127,
      "attack": 8,
      "decay": 9998.2,
      "sustain": 0.000016,
      "release": 4999.1,
      "startTime": 0,
      "resumeTime": 0.7506133,
      "endTime": 0.847813,
      "displayFlags": 199,
      "filename": "general-0422.wav",
      "basePitch": 52,
      "minPitch": 34,
      "maxPitch": 43
    },
    {
      "volume": 0.398107,
      "minVelocity": 0,
      "maxVelocity": 127,
      "attack": 8,
      "decay": 9998.2,
      "sustain": 0.000016,
      "release": 4999.1,
      "startTime": 0,
      "resumeTime": 0.7506133,
      "endTime": 0.847813,
      "displayFlags": 199,
      "filename": "general-0422.wav",
      "basePitch": 52,
      "minPitch": 44,
      "maxPitch": 53
    },
    {
      "volume": 0.707946,
      "minVelocity": 0,
      "maxVelocity": 127,
      "attack": 8,
      "decay": 9998.2,
      "sustain": 0.000016,
      "release": 4999.1,
      "startTime": 0,
      "resumeTime": 0.6003981,
      "endTime": 0.6997778,
      "displayFlags": 199,
      "filename": "general-0421.wav",
      "basePitch": 60,
      "minPitch": 54,
      "maxPitch": 60
    },
    {
      "volume": 1,
      "minVelocity": 0,
      "maxVelocity": 127,
      "attack": 8,
      "decay": 9998.2,
      "sustain": 0.000016,
      "release": 4999.1,
      "startTime": 0,
      "resumeTime": 0.9127911,
      "endTime": 0.9744677,
      "displayFlags": 199,
      "filename": "general-0425.wav",
      "basePitch": 60.9,
      "minPitch": 61,
      "maxPitch": 71
    },
    {
      "volume": 1,
      "minVelocity": 0,
      "maxVelocity": 127,
      "attack": 8,
      "decay": 9998.2,
      "sustain": 0.000016,
      "release": 4999.1,
      "startTime": 0,
      "resumeTime": 0.9103648,
      "endTime": 0.9717467,
      "displayFlags": 199,
      "filename": "general-0424.wav",
      "basePitch": 77.83,
      "minPitch": 72,
      "maxPitch": 80
    },
    {
      "volume": 1,
      "minVelocity": 0,
      "maxVelocity": 127,
      "attack": 8,
      "decay": 9998.2,
      "sustain": 0.000016,
      "release": 4999.1,
      "startTime": 0,
      "resumeTime": 0.9103648,
      "endTime": 0.9717467,
      "displayFlags": 199,
      "filename": "general-0424.wav",
      "basePitch": 77.83,
      "minPitch": 81,
      "maxPitch": 86
    },
    {
      "volume": 0.562341,
      "minVelocity": 0,
      "maxVelocity": 127,
      "attack": 8,
      "decay": 9998.2,
      "sustain": 0.000016,
      "release": 4999.1,
      "startTime": 0,
      "resumeTime": 0.6112333,
      "endTime": 0.7520238,
      "displayFlags": 199,
      "filename": "general-0423.wav",
      "basePitch": 92.69,
      "minPitch": 87,
      "maxPitch": 96
    },
    {
      "volume": 0.562341,
      "minVelocity": 0,
      "maxVelocity": 127,
      "attack": 8,
      "decay": 9998.2,
      "sustain": 0.000016,
      "release": 4999.1,
      "startTime": 0,
      "resumeTime": 0.6112333,
      "endTime": 0.7520238,
      "displayFlags": 199,
      "filename": "general-0423.wav",
      "basePitch": 92.69,
      "minPitch": 97,
      "maxPitch": 127
    }
  ]
}
