{
  "name": "Space Voice",
  "volume": 1.0,
  "samples": [
    {
      "volume": 1,
      "minVelocity": 0,
      "maxVelocity": 127,
      "attack": 0,
      "decay": 0,
      "sustain": 1,
      "release": 3000,
      "startTime": 0,
      "resumeTime": 0.5852834,
      "endTime": 3.721678,
      "displayFlags": 199,
      "filename": "fluidgm-1120.wav",
      "basePitch": 48,
      "minPitch": 0,
      "maxPitch": 48
    },
    {
      "volume": 1,
      "minVelocity": 0,
      "maxVelocity": 127,
      "attack": 0,
      "decay": 0,
      "sustain": 1,
      "release": 3000,
      "startTime": 0,
      "resumeTime": 0.3986395,
      "endTime": 1.9706803,
      "displayFlags": 199,
      "filename": "fluidgm-1119.wav",
      "basePitch": 60,
      "minPitch": 49,
      "maxPitch": 60
    },
    {
      "volume": 1,
      "minVelocity": 0,
      "maxVelocity": 127,
      "attack": 0,
      "decay": 0,
      "sustain": 1,
      "release": 3000,
      "startTime": 0,
      "resumeTime": 0.5217914,
      "endTime": 1.305941,
      "displayFlags": 199,
      "filename": "fluidgm-1118.wav",
      "basePitch": 72,
      "minPitch": 61,
      "maxPitch": 72
    },
    {
      "volume": 1,
      "minVelocity": 0,
      "maxVelocity": 127,
      "attack": 0,
      "decay": 0,
      "sustain": 1,
      "release": 3000,
      "startTime": 0,
      "resumeTime": 0.372381,
      "endTime": 0.6541043,
      "displayFlags": 199,
      "filename": "fluidgm-1117.wav",
      "basePitch": 84,
      "minPitch": 73,
      "maxPitch": 84
    },
    {
      "volume": 1,
      "minVelocity": 0,
      "maxVelocity": 127,
      "attack": 0,
      "decay": 0,
      "sustain": 1,
      "release": 3000,
      "startTime": 0,
      "resumeTime": 0.536712,
      "endTime": 1.0426531,
      "displayFlags": 199,
      "filename": "fluidgm-1116.wav",
      "basePitch": 96,
      "minPitch": 85,
      "maxPitch": 127
    },
    {
      "volume": 0.177828,
      "minVelocity": 0,
      "maxVelocity": 127,
      "attack": 0,
      "decay": 6000.2,
      "sustain": 0.003981,
      "release": 1800,
      "startTime": 0,
      "resumeTime": 2.7210884,
      "endTime": 3.5263039,
      "displayFlags": 199,
      "filename": "fluidgm-1361.wav",
      "basePitch": 76,
      "minPitch": 0,
      "maxPitch": 98
    },
    {
      "volume": 1,
      "minVelocity": 0,
      "maxVelocity": 127,
      "attack": 0,
      "decay": 0,
      "sustain": 1,
      "release": 3000,
      "startTime": 0,
      "resumeTime": 0.5852834,
      "endTime": 3.721678,
      "displayFlags": 199,
      "filename": "fluidgm-1120.wav",
      "basePitch": 36,
      "minPitch": 0,
      "maxPitch": 48
    },
    {
      "volume": 1,
      "minVelocity": 0,
      "maxVelocity": 127,
      "attack": 0,
      "decay": 0,
      "sustain": 1,
      "release": 3000,
      "startTime": 0,
      "resumeTime": 0.3986395,
      "endTime": 1.9706803,
      "displayFlags": 199,
      "filename": "fluidgm-1119.wav",
      "basePitch": 60,
      "minPitch": 49,
      "maxPitch": 60
    },
    {
      "volume": 1,
      "minVelocity": 0,
      "maxVelocity": 127,
      "attack": 0,
      "decay": 0,
      "sustain": 1,
      "release": 3000,
      "startTime": 0,
      "resumeTime": 0.5217914,
      "endTime": 1.305941,
      "displayFlags": 199,
      "filename": "fluidgm-1118.wav",
      "basePitch": 72,
      "minPitch": 61,
      "maxPitch": 72
    },
    {
      "volume": 1,
      "minVelocity": 0,
      "maxVelocity": 127,
      "attack": 0,
      "decay": 0,
      "sustain": 1,
      "release": 3000,
      "startTime": 0,
      "resumeTime": 0.372381,
      "endTime": 0.6541043,
      "displayFlags": 199,
      "filename": "fluidgm-1117.wav",
      "basePitch": 84,
      "minPitch": 73,
      "maxPitch": 84
    },
    {
      "volume": 1,
      "minVelocity": 0,
      "maxVelocity": 127,
      "attack": 0,
      "decay": 0,
      "sustain": 1,
      "release": 3000,
      "startTime": 0,
      "resumeTime": 0.536712,
      "endTime": 1.0426531,
      "displayFlags": 199,
      "filename": "fluidgm-1116.wav",
      "basePitch": 96,
      "minPitch": 85,
      "maxPitch": 127
    }
  ]
}
