{
  "name": "Steel Drum",
  "volume": 1.0,
  "samples": [
    {
      "volume": 1,
      "minVelocity": 0,
      "maxVelocity": 127,
      "attack": 0,
      "decay": 0,
      "sustain": 1,
      "release": 2000,
      "startTime": 0,
      "resumeTime": -1,
      "endTime": 0.6084167,
      "displayFlags": 71,
      "filename": "fluidgm-0583.wav",
      "basePitch": 66,
      "minPitch": 0,
      "maxPitch": 66
    },
    {
      "volume": 1,
      "minVelocity": 0,
      "maxVelocity": 127,
      "attack": 0,
      "decay": 0,
      "sustain": 1,
      "release": 2000,
      "startTime": 0,
      "resumeTime": -1,
      "endTime": 0.6084167,
      "displayFlags": 71,
      "filename": "fluidgm-0584.wav",
      "basePitch": 66,
      "minPitch": 0,
      "maxPitch": 66
    },
    {
      "volume": 1,
      "minVelocity": 0,
      "maxVelocity": 127,
      "attack": 0,
      "decay": 0,
      "sustain": 1,
      "release": 2000,
      "startTime": 0,
      "resumeTime": -1,
      "endTime": 0.4311765,
      "displayFlags": 71,
      "filename": "fluidgm-0581.wav",
      "basePitch": 72,
      "minPitch": 67,
      "maxPitch": 72
    },
    {
      "volume": 1,
      "minVelocity": 0,
      "maxVelocity": 127,
      "attack": 0,
      "decay": 0,
      "sustain": 1,
      "release": 2000,
      "startTime": 0,
      "resumeTime": -1,
      "endTime": 0.4311765,
      "displayFlags": 71,
      "filename": "fluidgm-0582.wav",
      "basePitch": 72,
      "minPitch": 67,
      "maxPitch": 72
    },
    {
      "volume": 1,
      "minVelocity": 0,
      "maxVelocity": 127,
      "attack": 0,
      "decay": 0,
      "sustain": 1,
      "release": 2000,
      "startTime": 0,
      "resumeTime": -1,
      "endTime": 0.3060091,
      "displayFlags": 71,
      "filename": "fluidgm-0579.wav",
      "basePitch": 78,
      "minPitch": 73,
      "maxPitch": 78
    },
    {
      "volume": 1,
      "minVelocity": 0,
      "maxVelocity": 127,
      "attack": 0,
      "decay": 0,
      "sustain": 1,
      "release": 2000,
      "startTime": 0,
      "resumeTime": -1,
      "endTime": 0.3060091,
      "displayFlags": 71,
      "filename": "fluidgm-0580.wav",
      "basePitch": 78,
      "minPitch": 73,
      "maxPitch": 78
    },
    {
      "volume": 1,
      "minVelocity": 0,
      "maxVelocity": 127,
      "attack": 0,
      "decay": 0,
      "sustain": 1,
      "release": 2000,
      "startTime": 0,
      "resumeTime": -1,
      "endTime": 0.2173529,
      "displayFlags": 71,
      "filename": "fluidgm-0577.wav",
      "basePitch": 84,
      "minPitch": 79,
      "maxPitch": 127
    },
    {
      "volume": 1,
      "minVelocity": 0,
      "maxVelocity": 127,
      "attack": 0,
      "decay": 0,
      "sustain": 1,
      "release": 2000,
      "startTime": 0,
      "resumeTime": -1,
      "endTime": 0.2173529,
      "displayFlags": 71,
      "filename": "fluidgm-0578.wav",
      "basePitch": 84,
      "minPitch": 79,
      "maxPitch": 127
    }
  ]
}
