{
  "name": "Flute",
  "volume": 1.0,
  "samples": [
    {
      "volume": 1,
      "minVelocity": 0,
      "maxVelocity": 127,
      "attack": 0,
      "decay": 2000,
      "sustain": 1,
      "release": 250,
      "startTime": 0,
      "resumeTime": 0.6595011,
      "endTime": 0.9113832,
      "displayFlags": 199,
      "filename": "fluidgm-0228.wav",
      "basePitch": 61,
      "minPitch": 0,
      "maxPitch": 62
    },
    {
      "volume": 1,
      "minVelocity": 0,
      "maxVelocity": 127,
      "attack": 0,
      "decay": 2000,
      "sustain": 1,
      "release": 250,
      "startTime": 0,
      "resumeTime": 0.6595011,
      "endTime": 0.9113832,
      "displayFlags": 199,
      "filename": "fluidgm-0229.wav",
      "basePitch": 61,
      "minPitch": 0,
      "maxPitch": 62
    },
    {
      "volume": 1,
      "minVelocity": 0,
      "maxVelocity": 127,
      "attack": 0,
      "decay": 2000,
      "sustain": 1,
      "release": 250,
      "startTime": 0,
      "resumeTime": 0.7254649,
      "endTime": 0.9752608,
      "displayFlags": 199,
      "filename": "fluidgm-0226.wav",
      "basePitch": 63.89,
      "minPitch": 63,
      "maxPitch": 65
    },
    {
      "volume": 1,
      "minVelocity": 0,
      "maxVelocity": 127,
      "attack": 0,
      "decay": 2000,
      "sustain": 1,
      "release": 250,
      "startTime": 0,
      "resumeTime": 0.7254649,
      "endTime": 0.9752608,
      "displayFlags": 199,
      "filename": "fluidgm-0227.wav",
      "basePitch": 63.89,
      "minPitch": 63,
      "maxPitch": 65
    },
    {
      "volume": 1,
      "minVelocity": 0,
      "maxVelocity": 127,
      "attack": 0,
      "decay": 2000,
      "sustain": 1,
      "release": 250,
      "startTime": 0,
      "resumeTime": 0.6442404,
      "endTime": 0.870771,
      "displayFlags": 199,
      "filename": "fluidgm-0224.wav",
      "basePitch": 67,
      "minPitch": 66,
      "maxPitch": 68
    },
    {
      "volume": 1,
      "minVelocity": 0,
      "maxVelocity": 127,
      "attack": 0,
      "decay": 2000,
      "sustain": 1,
      "release": 250,
      "startTime": 0,
      "resumeTime": 0.6442404,
      "endTime": 0.870771,
      "displayFlags": 199,
      "filename": "fluidgm-0225.wav",
      "basePitch": 67,
      "minPitch": 66,
      "maxPitch": 68
    },
    {
      "volume": 1,
      "minVelocity": 0,
      "maxVelocity": 127,
      "attack": 0,
      "decay": 2000,
      "sustain": 1,
      "release": 250,
      "startTime": 0,
      "resumeTime": 0.3807256,
      "endTime": 0.6153515,
      "displayFlags": 199,
      "filename": "fluidgm-0222.wav",
      "basePitch": 70.98,
      "minPitch": 69,
      "maxPitch": 71
    },
    {
      "volume": 1,
      "minVelocity": 0,
      "maxVelocity": 127,
      "attack": 0,
      "decay": 2000,
      "sustain": 1,
      "release": 250,
      "startTime": 0,
      "resumeTime": 0.3807256,
      "endTime": 0.6153515,
      "displayFlags": 199,
      "filename": "fluidgm-0223.wav",
      "basePitch": 70.98,
      "minPitch": 69,
      "maxPitch": 71
    },
    {
      "volume": 1,
      "minVelocity": 0,
      "maxVelocity": 127,
      "attack": 0,
      "decay": 2000,
      "sustain": 1,
      "release": 250,
      "startTime": 0,
      "resumeTime": 1.015941,
      "endTime": 1.2539002,
      "displayFlags": 199,
      "filename": "fluidgm-0220.wav",
      "basePitch": 74.1,
      "minPitch": 72,
      "maxPitch": 75
    },
    {
      "volume": 1,
      "minVelocity": 0,
      "maxVelocity": 127,
      "attack": 0,
      "decay": 2000,
      "sustain": 1,
      "release": 250,
      "startTime": 0,
      "resumeTime": 1.015941,
      "endTime": 1.2539002,
      "displayFlags": 199,
      "filename": "fluidgm-0221.wav",
      "basePitch": 74.1,
      "minPitch": 72,
      "maxPitch": 75
    },
    {
      "volume": 1,
      "minVelocity": 0,
      "maxVelocity": 127,
      "attack": 0,
      "decay": 2000,
      "sustain": 1,
      "release": 250,
      "startTime": 0,
      "resumeTime": 0.4407029,
      "endTime": 0.6791837,
      "displayFlags": 199,
      "filename": "fluidgm-0218.wav",
      "basePitch": 78.11,
      "minPitch": 76,
      "maxPitch": 78
    },
    {
      "volume": 1,
      "minVelocity": 0,
      "maxVelocity": 127,
      "attack": 0,
      "decay": 2000,
      "sustain": 1,
      "release": 250,
      "startTime": 0,
      "resumeTime": 0.4407029,
      "endTime": 0.6791837,
      "displayFlags": 199,
      "filename": "fluidgm-0219.wav",
      "basePitch": 78.11,
      "minPitch": 76,
      "maxPitch": 78
    },
    {
      "volume": 1,
      "minVelocity": 0,
      "maxVelocity": 127,
      "attack": 0,
      "decay": 2000,
      "sustain": 1,
      "release": 250,
      "startTime": 0,
      "resumeTime": 0.2555782,
      "endTime": 0.499229,
      "displayFlags": 199,
      "filename": "fluidgm-0216.wav",
      "basePitch": 80.11,
      "minPitch": 79,
      "maxPitch": 81
    },
    {
      "volume": 1,
      "minVelocity": 0,
      "maxVelocity": 127,
      "attack": 0,
      "decay": 2000,
      "sustain": 1,
      "release": 250,
      "startTime": 0,
      "resumeTime": 0.2555782,
      "endTime": 0.499229,
      "displayFlags": 199,
      "filename": "fluidgm-0217.wav",
      "basePitch": 80.11,
      "minPitch": 79,
      "maxPitch": 81
    },
    {
      "volume": 1,
      "minVelocity": 0,
      "maxVelocity": 127,
      "attack": 0,
      "decay": 2000,
      "sustain": 1,
      "release": 250,
      "startTime": 0,
      "resumeTime": 0.5108617,
      "endTime": 0.7372562,
      "displayFlags": 199,
      "filename": "fluidgm-0214.wav",
      "basePitch": 84.21,
      "minPitch": 82,
      "maxPitch": 84
    },
    {
      "volume": 1,
      "minVelocity": 0,
      "maxVelocity": 127,
      "attack": 0,
      "decay": 2000,
      "sustain": 1,
      "release": 250,
      "startTime": 0,
      "resumeTime": 0.5108617,
      "endTime": 0.7372562,
      "displayFlags": 199,
      "filename": "fluidgm-0215.wav",
      "basePitch": 84.21,
      "minPitch": 82,
      "maxPitch": 84
    },
    {
      "volume": 1,
      "minVelocity": 0,
      "maxVelocity": 127,
      "attack": 0,
      "decay": 2000,
      "sustain": 1,
      "release": 250,
      "startTime": 0,
      "resumeTime": 0.4255556,
      "endTime": 0.6791837,
      "displayFlags": 199,
      "filename": "fluidgm-0212.wav",
      "basePitch": 90.32,
      "minPitch": 85,
      "maxPitch": 127
    },
    {
      "volume": 1,
      "minVelocity": 0,
      "maxVelocity": 127,
      "attack": 0,
      "decay": 2000,
      "sustain": 1,
      "release": 250,
      "startTime": 0,
      "resumeTime": 0.4255556,
      "endTime": 0.6791837,
      "displayFlags": 199,
      "filename": "fluidgm-0213.wav",
      "basePitch": 90.32,
      "minPitch": 85,
      "maxPitch": 127
    }
  ]
}
