{
  "name": "Yamaha Grand Piano",
  "volume": 1.0,
  "samples": [
    {
      "volume": 1,
      "minVelocity": 0,
      "maxVelocity": 127,
      "attack": 8,
      "decay": 3699.9,
      "sustain": 0.00001,
      "release": 1000,
      "startTime": 0,
      "resumeTime": 0.3765,
      "endTime": 0.3979063,
      "displayFlags": 199,
      "filename": "fluidgm-1171.wav",
      "basePitch": 108,
      "minPitch": 105,
      "maxPitch": 108
    },
    {
      "volume": 1,
      "minVelocity": 0,
      "maxVelocity": 127,
      "attack": 8,
      "decay": 3699.9,
      "sustain": 0.00001,
      "release": 1000,
      "startTime": 0,
      "resumeTime": 0.3765,
      "endTime": 0.3979063,
      "displayFlags": 199,
      "filename": "fluidgm-1172.wav",
      "basePitch": 108,
      "minPitch": 105,
      "maxPitch": 108
    },
    {
      "volume": 1,
      "minVelocity": 0,
      "maxVelocity": 127,
      "attack": 8,
      "decay": 4801,
      "sustain": 0.00001,
      "release": 1000,
      "startTime": 0,
      "resumeTime": 0.4279688,
      "endTime": 0.44075,
      "displayFlags": 199,
      "filename": "fluidgm-1169.wav",
      "basePitch": 104,
      "minPitch": 100,
      "maxPitch": 104
    },
    {
      "volume": 1,
      "minVelocity": 0,
      "maxVelocity": 127,
      "attack": 8,
      "decay": 4801,
      "sustain": 0.00001,
      "release": 1000,
      "startTime": 0,
      "resumeTime": 0.4279688,
      "endTime": 0.44075,
      "displayFlags": 199,
      "filename": "fluidgm-1170.wav",
      "basePitch": 104,
      "minPitch": 100,
      "maxPitch": 104
    },
    {
      "volume": 1,
      "minVelocity": 0,
      "maxVelocity": 127,
      "attack": 8,
      "decay": 5199.4,
      "sustain": 0.00001,
      "release": 1000,
      "startTime": 0,
      "resumeTime": 0.556875,
      "endTime": 0.5660312,
      "displayFlags": 199,
      "filename": "fluidgm-1167.wav",
      "basePitch": 99,
      "minPitch": 95,
      "maxPitch": 99
    },
    {
      "volume": 1,
      "minVelocity": 0,
      "maxVelocity": 127,
      "attack": 8,
      "decay": 5199.4,
      "sustain": 0.00001,
      "release": 1000,
      "startTime": 0,
      "resumeTime": 0.556875,
      "endTime": 0.5660312,
      "displayFlags": 199,
      "filename": "fluidgm-1168.wav",
      "basePitch": 99,
      "minPitch": 95,
      "maxPitch": 99
    },
    {
      "volume": 1,
      "minVelocity": 0,
      "maxVelocity": 127,
      "attack": 8,
      "decay": 9998.2,
      "sustain": 0.00001,
      "release": 1000,
      "startTime": 0,
      "resumeTime": 1.2571875,
      "endTime": 1.2972812,
      "displayFlags": 199,
      "filename": "fluidgm-1165.wav",
      "basePitch": 94,
      "minPitch": 91,
      "maxPitch": 94
    },
    {
      "volume": 1,
      "minVelocity": 0,
      "maxVelocity": 127,
      "attack": 8,
      "decay": 9998.2,
      "sustain": 0.00001,
      "release": 1000,
      "startTime": 0,
      "resumeTime": 1.2571875,
      "endTime": 1.2972812,
      "displayFlags": 199,
      "filename": "fluidgm-1166.wav",
      "basePitch": 94,
      "minPitch": 91,
      "maxPitch": 94
    },
    {
      "volume": 1,
      "minVelocity": 0,
      "maxVelocity": 127,
      "attack": 8,
      "decay": 10998,
      "sustain": 0.00001,
      "release": 1000,
      "startTime": 0,
      "resumeTime": 1.2587812,
      "endTime": 1.88525,
      "displayFlags": 199,
      "filename": "fluidgm-1163.wav",
      "basePitch": 90,
      "minPitch": 85,
      "maxPitch": 90
    },
    {
      "volume": 1,
      "minVelocity": 0,
      "maxVelocity": 127,
      "attack": 8,
      "decay": 10998,
      "sustain": 0.00001,
      "release": 1000,
      "startTime": 0,
      "resumeTime": 1.2587812,
      "endTime": 1.88525,
      "displayFlags": 199,
      "filename": "fluidgm-1164.wav",
      "basePitch": 90,
      "minPitch": 85,
      "maxPitch": 90
    },
    {
      "volume": 1,
      "minVelocity": 0,
      "maxVelocity": 127,
      "attack": 8,
      "decay": 20205.4,
      "sustain": 0.00001,
      "release": 1000,
      "startTime": 0,
      "resumeTime": 1.3712187,
      "endTime": 1.4542187,
      "displayFlags": 199,
      "filename": "fluidgm-1161.wav",
      "basePitch": 84,
      "minPitch": 79,
      "maxPitch": 84
    },
    {
      "volume": 1,
      "minVelocity": 0,
      "maxVelocity": 127,
      "attack": 8,
      "decay": 20205.4,
      "sustain": 0.00001,
      "release": 1000,
      "startTime": 0,
      "resumeTime": 1.3712187,
      "endTime": 1.4542187,
      "displayFlags": 199,
      "filename": "fluidgm-1162.wav",
      "basePitch": 84,
      "minPitch": 79,
      "maxPitch": 84
    },
    {
      "volume": 1,
      "minVelocity": 0,
      "maxVelocity": 127,
      "attack": 8,
      "decay": 20299,
      "sustain": 0.00001,
      "release": 1000,
      "startTime": 0,
      "resumeTime": 1.4845937,
      "endTime": 2.3661875,
      "displayFlags": 199,
      "filename": "fluidgm-1159.wav",
      "basePitch": 78,
      "minPitch": 75,
      "maxPitch": 78
    },
    {
      "volume": 1,
      "minVelocity": 0,
      "maxVelocity": 127,
      "attack": 8,
      "decay": 20299,
      "sustain": 0.00001,
      "release": 1000,
      "startTime": 0,
      "resumeTime": 1.4845937,
      "endTime": 2.3661875,
      "displayFlags": 199,
      "filename": "fluidgm-1160.wav",
      "basePitch": 78,
      "minPitch": 75,
      "maxPitch": 78
    },
    {
      "volume": 1,
      "minVelocity": 0,
      "maxVelocity": 127,
      "attack": 8,
      "decay": 14997.7,
      "sustain": 0.00001,
      "release": 1000,
      "startTime": 0,
      "resumeTime": 1.3801562,
      "endTime": 2.0952187,
      "displayFlags": 199,
      "filename": "fluidgm-1157.wav",
      "basePitch": 74,
      "minPitch": 71,
      "maxPitch": 74
    },
    {
      "volume": 1,
      "minVelocity": 0,
      "maxVelocity": 127,
      "attack": 8,
      "decay": 14997.7,
      "sustain": 0.00001,
      "release": 1000,
      "startTime": 0,
      "resumeTime": 1.3801562,
      "endTime": 2.0952187,
      "displayFlags": 199,
      "filename": "fluidgm-1158.wav",
      "basePitch": 74,
      "minPitch": 71,
      "maxPitch": 74
    },
    {
      "volume": 1,
      "minVelocity": 0,
      "maxVelocity": 127,
      "attack": 8,
      "decay": 16000,
      "sustain": 0.00001,
      "release": 1000,
      "startTime": 0,
      "resumeTime": 1.6084687,
      "endTime": 2.2215,
      "displayFlags": 199,
      "filename": "fluidgm-1155.wav",
      "basePitch": 70,
      "minPitch": 67,
      "maxPitch": 70
    },
    {
      "volume": 1,
      "minVelocity": 0,
      "maxVelocity": 127,
      "attack": 8,
      "decay": 16000,
      "sustain": 0.00001,
      "release": 1000,
      "startTime": 0,
      "resumeTime": 1.6084687,
      "endTime": 2.2215,
      "displayFlags": 199,
      "filename": "fluidgm-1156.wav",
      "basePitch": 70,
      "minPitch": 67,
      "maxPitch": 70
    },
    {
      "volume": 1,
      "minVelocity": 0,
      "maxVelocity": 127,
      "attack": 8,
      "decay": 25005.4,
      "sustain": 0.00001,
      "release": 1000,
      "startTime": 0,
      "resumeTime": 1.9494063,
      "endTime": 2.7633125,
      "displayFlags": 199,
      "filename": "fluidgm-1153.wav",
      "basePitch": 66,
      "minPitch": 63,
      "maxPitch": 66
    },
    {
      "volume": 1,
      "minVelocity": 0,
      "maxVelocity": 127,
      "attack": 8,
      "decay": 25005.4,
      "sustain": 0.00001,
      "release": 1000,
      "startTime": 0,
      "resumeTime": 1.9494063,
      "endTime": 2.7633125,
      "displayFlags": 199,
      "filename": "fluidgm-1154.wav",
      "basePitch": 66,
      "minPitch": 63,
      "maxPitch": 66
    },
    {
      "volume": 1,
      "minVelocity": 0,
      "maxVelocity": 127,
      "attack": 8,
      "decay": 29007.1,
      "sustain": 0.00001,
      "release": 1000,
      "startTime": 0,
      "resumeTime": 2.2821875,
      "endTime": 3.2464063,
      "displayFlags": 199,
      "filename": "fluidgm-1151.wav",
      "basePitch": 62,
      "minPitch": 59,
      "maxPitch": 62
    },
    {
      "volume": 1,
      "minVelocity": 0,
      "maxVelocity": 127,
      "attack": 8,
      "decay": 29007.1,
      "sustain": 0.00001,
      "release": 1000,
      "startTime": 0,
      "resumeTime": 2.2821875,
      "endTime": 3.2464063,
      "displayFlags": 199,
      "filename": "fluidgm-1152.wav",
      "basePitch": 62,
      "minPitch": 59,
      "maxPitch": 62
    },
    {
      "volume": 1,
      "minVelocity": 0,
      "maxVelocity": 127,
      "attack": 8,
      "decay": 39992.8,
      "sustain": 0.00001,
      "release": 1000,
      "startTime": 0,
      "resumeTime": 1.6464375,
      "endTime": 2.7356875,
      "displayFlags": 199,
      "filename": "fluidgm-1149.wav",
      "basePitch": 58,
      "minPitch": 55,
      "maxPitch": 58
    },
    {
      "volume": 1,
      "minVelocity": 0,
      "maxVelocity": 127,
      "attack": 8,
      "decay": 39992.8,
      "sustain": 0.00001,
      "release": 1000,
      "startTime": 0,
      "resumeTime": 1.6464375,
      "endTime": 2.7356875,
      "displayFlags": 199,
      "filename": "fluidgm-1150.wav",
      "basePitch": 58,
      "minPitch": 55,
      "maxPitch": 58
    },
    {
      "volume": 1,
      "minVelocity": 0,
      "maxVelocity": 127,
      "attack": 8,
      "decay": 42493.4,
      "sustain": 0.00001,
      "release": 1000,
      "startTime": 0,
      "resumeTime": 1.7193437,
      "endTime": 2.64,
      "displayFlags": 199,
      "filename": "fluidgm-1147.wav",
      "basePitch": 54,
      "minPitch": 51,
      "maxPitch": 54
    },
    {
      "volume": 1,
      "minVelocity": 0,
      "maxVelocity": 127,
      "attack": 8,
      "decay": 42493.4,
      "sustain": 0.00001,
      "release": 1000,
      "startTime": 0,
      "resumeTime": 1.7193437,
      "endTime": 2.64,
      "displayFlags": 199,
      "filename": "fluidgm-1148.wav",
      "basePitch": 54,
      "minPitch": 51,
      "maxPitch": 54
    },
    {
      "volume": 1,
      "minVelocity": 0,
      "maxVelocity": 127,
      "attack": 8,
      "decay": 39992.8,
      "sustain": 0.00001,
      "release": 1000,
      "startTime": 0,
      "resumeTime": 2.41775,
      "endTime": 3.4232188,
      "displayFlags": 199,
      "filename": "fluidgm-1145.wav",
      "basePitch": 50,
      "minPitch": 47,
      "maxPitch": 50
    },
    {
      "volume": 1,
      "minVelocity": 0,
      "maxVelocity": 127,
      "attack": 8,
      "decay": 39992.8,
      "sustain": 0.00001,
      "release": 1000,
      "startTime": 0,
      "resumeTime": 2.41775,
      "endTime": 3.4232188,
      "displayFlags": 199,
      "filename": "fluidgm-1146.wav",
      "basePitch": 50,
      "minPitch": 47,
      "maxPitch": 50
    },
    {
      "volume": 1,
      "minVelocity": 0,
      "maxVelocity": 127,
      "attack": 8,
      "decay": 42591.7,
      "sustain": 0.00001,
      "release": 1000,
      "startTime": 0,
      "resumeTime": 3.411,
      "endTime": 4.4094688,
      "displayFlags": 199,
      "filename": "fluidgm-1143.wav",
      "basePitch": 46,
      "minPitch": 43,
      "maxPitch": 46
    },
    {
      "volume": 1,
      "minVelocity": 0,
      "maxVelocity": 127,
      "attack": 8,
      "decay": 42591.7,
      "sustain": 0.00001,
      "release": 1000,
      "startTime": 0,
      "resumeTime": 3.411,
      "endTime": 4.4094688,
      "displayFlags": 199,
      "filename": "fluidgm-1144.wav",
      "basePitch": 46,
      "minPitch": 43,
      "maxPitch": 46
    },
    {
      "volume": 1,
      "minVelocity": 0,
      "maxVelocity": 127,
      "attack": 8,
      "decay": 42005.3,
      "sustain": 0.00001,
      "release": 1000,
      "startTime": 0,
      "resumeTime": 3.7653125,
      "endTime": 4.8625625,
      "displayFlags": 199,
      "filename": "fluidgm-1141.wav",
      "basePitch": 42,
      "minPitch": 39,
      "maxPitch": 42
    },
    {
      "volume": 1,
      "minVelocity": 0,
      "maxVelocity": 127,
      "attack": 8,
      "decay": 42005.3,
      "sustain": 0.00001,
      "release": 1000,
      "startTime": 0,
      "resumeTime": 3.7653125,
      "endTime": 4.8625625,
      "displayFlags": 199,
      "filename": "fluidgm-1142.wav",
      "basePitch": 42,
      "minPitch": 39,
      "maxPitch": 42
    },
    {
      "volume": 1,
      "minVelocity": 0,
      "maxVelocity": 127,
      "attack": 8,
      "decay": 44994.2,
      "sustain": 0.00001,
      "release": 1000,
      "startTime": 0,
      "resumeTime": 4.9670938,
      "endTime": 6.0347187,
      "displayFlags": 199,
      "filename": "fluidgm-1139.wav",
      "basePitch": 38,
      "minPitch": 35,
      "maxPitch": 38
    },
    {
      "volume": 1,
      "minVelocity": 0,
      "maxVelocity": 127,
      "attack": 8,
      "decay": 44994.2,
      "sustain": 0.00001,
      "release": 1000,
      "startTime": 0,
      "resumeTime": 4.9670938,
      "endTime": 6.0347187,
      "displayFlags": 199,
      "filename": "fluidgm-1140.wav",
      "basePitch": 38,
      "minPitch": 35,
      "maxPitch": 38
    },
    {
      "volume": 1,
      "minVelocity": 0,
      "maxVelocity": 127,
      "attack": 8,
      "decay": 42005.3,
      "sustain": 0.00001,
      "release": 1000,
      "startTime": 0,
      "resumeTime": 4.0454375,
      "endTime": 5.1576562,
      "displayFlags": 199,
      "filename": "fluidgm-1137.wav",
      "basePitch": 34,
      "minPitch": 31,
      "maxPitch": 34
    },
    {
      "volume": 1,
      "minVelocity": 0,
      "maxVelocity": 127,
      "attack": 8,
      "decay": 42005.3,
      "sustain": 0.00001,
      "release": 1000,
      "startTime": 0,
      "resumeTime": 4.0454375,
      "endTime": 5.1576562,
      "displayFlags": 199,
      "filename": "fluidgm-1138.wav",
      "basePitch": 34,
      "minPitch": 31,
      "maxPitch": 34
    },
    {
      "volume": 1,
      "minVelocity": 0,
      "maxVelocity": 127,
      "attack": 8,
      "decay": 42005.3,
      "sustain": 0.00001,
      "release": 1000,
      "startTime": 0,
      "resumeTime": 5.0035312,
      "endTime": 6.1014688,
      "displayFlags": 199,
      "filename": "fluidgm-1135.wav",
      "basePitch": 30,
      "minPitch": 27,
      "maxPitch": 30
    },
    {
      "volume": 1,
      "minVelocity": 0,
      "maxVelocity": 127,
      "attack": 8,
      "decay": 42005.3,
      "sustain": 0.00001,
      "release": 1000,
      "startTime": 0,
      "resumeTime": 5.0035312,
      "endTime": 6.1014688,
      "displayFlags": 199,
      "filename": "fluidgm-1136.wav",
      "basePitch": 30,
      "minPitch": 27,
      "maxPitch": 30
    },
    {
      "volume": 1,
      "minVelocity": 0,
      "maxVelocity": 127,
      "attack": 8,
      "decay": 40998.5,
      "sustain": 0.00001,
      "release": 1000,
      "startTime": 0,
      "resumeTime": 5.3404063,
      "endTime": 6.8593437,
      "displayFlags": 199,
      "filename": "fluidgm-1133.wav",
      "basePitch": 26,
      "minPitch": 0,
      "maxPitch": 26
    },
    {
      "volume": 1,
      "minVelocity": 0,
      "maxVelocity": 127,
      "attack": 8,
      "decay": 40998.5,
      "sustain": 0.00001,
      "release": 1000,
      "startTime": 0,
      "resumeTime": 5.3404063,
      "endTime": 6.8593437,
      "displayFlags": 199,
      "filename": "fluidgm-1134.wav",
      "basePitch": 26,
      "minPitch": 0,
      "maxPitch": 26
    }
  ]
}