{
  "name": "Viola",
  "volume": 1.0,
  "samples": [
    {
      "volume": 1,
      "minVelocity": 0,
      "maxVelocity": 127,
      "attack": 0,
      "decay": 0,
      "sustain": 1,
      "release": 300.1,
      "startTime": 0,
      "resumeTime": 0.8354422,
      "endTime": 1.0312698,
      "displayFlags": 199,
      "filename": "fluidgm-0405.wav",
      "basePitch": 48.88,
      "minPitch": 0,
      "maxPitch": 50
    },
    {
      "volume": 1,
      "minVelocity": 0,
      "maxVelocity": 127,
      "attack": 0,
      "decay": 0,
      "sustain": 1,
      "release": 300.1,
      "startTime": 0,
      "resumeTime": 0.8354422,
      "endTime": 1.0312698,
      "displayFlags": 199,
      "filename": "fluidgm-0406.wav",
      "basePitch": 48.88,
      "minPitch": 0,
      "maxPitch": 50
    },
    {
      "volume": 1,
      "minVelocity": 0,
      "maxVelocity": 127,
      "attack": 0,
      "decay": 0,
      "sustain": 1,
      "release": 300.1,
      "startTime": 0,
      "resumeTime": 0.9556916,
      "endTime": 1.1582086,
      "displayFlags": 199,
      "filename": "fluidgm-0403.wav",
      "basePitch": 51.85,
      "minPitch": 51,
      "maxPitch": 53
    },
    {
      "volume": 1,
      "minVelocity": 0,
      "maxVelocity": 127,
      "attack": 0,
      "decay": 0,
      "sustain": 1,
      "release": 300.1,
      "startTime": 0,
      "resumeTime": 0.9556916,
      "endTime": 1.1582086,
      "displayFlags": 199,
      "filename": "fluidgm-0404.wav",
      "basePitch": 51.85,
      "minPitch": 51,
      "maxPitch": 53
    },
    {
      "volume": 1,
      "minVelocity": 0,
      "maxVelocity": 127,
      "attack": 0,
      "decay": 0,
      "sustain": 1,
      "release": 300.1,
      "startTime": 0,
      "resumeTime": 1.4973696,
      "endTime": 1.7014966,
      "displayFlags": 199,
      "filename": "fluidgm-0401.wav",
      "basePitch": 55.05,
      "minPitch": 54,
      "maxPitch": 56
    },
    {
      "volume": 1,
      "minVelocity": 0,
      "maxVelocity": 127,
      "attack": 0,
      "decay": 0,
      "sustain": 1,
      "release": 300.1,
      "startTime": 0,
      "resumeTime": 1.4973696,
      "endTime": 1.7014966,
      "displayFlags": 199,
      "filename": "fluidgm-0402.wav",
      "basePitch": 55.05,
      "minPitch": 54,
      "maxPitch": 56
    },
    {
      "volume": 1,
      "minVelocity": 0,
      "maxVelocity": 127,
      "attack": 0,
      "decay": 0,
      "sustain": 1,
      "release": 300.1,
      "startTime": 0,
      "resumeTime": 1.1275283,
      "endTime": 1.3414739,
      "displayFlags": 199,
      "filename": "fluidgm-0399.wav",
      "basePitch": 57.72,
      "minPitch": 57,
      "maxPitch": 59
    },
    {
      "volume": 1,
      "minVelocity": 0,
      "maxVelocity": 127,
      "attack": 0,
      "decay": 0,
      "sustain": 1,
      "release": 300.1,
      "startTime": 0,
      "resumeTime": 1.1275283,
      "endTime": 1.3414739,
      "displayFlags": 199,
      "filename": "fluidgm-0400.wav",
      "basePitch": 57.72,
      "minPitch": 57,
      "maxPitch": 59
    },
    {
      "volume": 1,
      "minVelocity": 0,
      "maxVelocity": 127,
      "attack": 0,
      "decay": 0,
      "sustain": 1,
      "release": 300.1,
      "startTime": 0,
      "resumeTime": 1.1098413,
      "endTime": 1.3289116,
      "displayFlags": 199,
      "filename": "fluidgm-0397.wav",
      "basePitch": 61.11,
      "minPitch": 60,
      "maxPitch": 62
    },
    {
      "volume": 1,
      "minVelocity": 0,
      "maxVelocity": 127,
      "attack": 0,
      "decay": 0,
      "sustain": 1,
      "release": 300.1,
      "startTime": 0,
      "resumeTime": 1.1098413,
      "endTime": 1.3289116,
      "displayFlags": 199,
      "filename": "fluidgm-0398.wav",
      "basePitch": 61.11,
      "minPitch": 60,
      "maxPitch": 62
    },
    {
      "volume": 1,
      "minVelocity": 0,
      "maxVelocity": 127,
      "attack": 0,
      "decay": 0,
      "sustain": 1,
      "release": 300.1,
      "startTime": 0,
      "resumeTime": 1.4139456,
      "endTime": 1.6053968,
      "displayFlags": 199,
      "filename": "fluidgm-0395.wav",
      "basePitch": 63.97,
      "minPitch": 63,
      "maxPitch": 65
    },
    {
      "volume": 1,
      "minVelocity": 0,
      "maxVelocity": 127,
      "attack": 0,
      "decay": 0,
      "sustain": 1,
      "release": 300.1,
      "startTime": 0,
      "resumeTime": 1.4139456,
      "endTime": 1.6053968,
      "displayFlags": 199,
      "filename": "fluidgm-0396.wav",
      "basePitch": 63.97,
      "minPitch": 63,
      "maxPitch": 65
    },
    {
      "volume": 1,
      "minVelocity": 0,
      "maxVelocity": 127,
      "attack": 0,
      "decay": 0,
      "sustain": 1,
      "release": 300.1,
      "startTime": 0,
      "resumeTime": 0.7801814,
      "endTime": 0.9698413,
      "displayFlags": 199,
      "filename": "fluidgm-0393.wav",
      "basePitch": 66.93,
      "minPitch": 66,
      "maxPitch": 68
    },
    {
      "volume": 1,
      "minVelocity": 0,
      "maxVelocity": 127,
      "attack": 0,
      "decay": 0,
      "sustain": 1,
      "release": 300.1,
      "startTime": 0,
      "resumeTime": 0.7801814,
      "endTime": 0.9698413,
      "displayFlags": 199,
      "filename": "fluidgm-0394.wav",
      "basePitch": 66.93,
      "minPitch": 66,
      "maxPitch": 68
    },
    {
      "volume": 1,
      "minVelocity": 0,
      "maxVelocity": 127,
      "attack": 0,
      "decay": 0,
      "sustain": 1,
      "release": 300.1,
      "startTime": 0,
      "resumeTime": 1.3097279,
      "endTime": 1.5209977,
      "displayFlags": 199,
      "filename": "fluidgm-0391.wav",
      "basePitch": 69.92,
      "minPitch": 69,
      "maxPitch": 71
    },
    {
      "volume": 1,
      "minVelocity": 0,
      "maxVelocity": 127,
      "attack": 0,
      "decay": 0,
      "sustain": 1,
      "release": 300.1,
      "startTime": 0,
      "resumeTime": 1.3097279,
      "endTime": 1.5209977,
      "displayFlags": 199,
      "filename": "fluidgm-0392.wav",
      "basePitch": 69.92,
      "minPitch": 69,
      "maxPitch": 71
    },
    {
      "volume": 1,
      "minVelocity": 0,
      "maxVelocity": 127,
      "attack": 0,
      "decay": 0,
      "sustain": 1,
      "release": 300.1,
      "startTime": 0,
      "resumeTime": 1.1714739,
      "endTime": 1.3946939,
      "displayFlags": 199,
      "filename": "fluidgm-0389.wav",
      "basePitch": 72.95,
      "minPitch": 72,
      "maxPitch": 74
    },
    {
      "volume": 1,
      "minVelocity": 0,
      "maxVelocity": 127,
      "attack": 0,
      "decay": 0,
      "sustain": 1,
      "release": 300.1,
      "startTime": 0,
      "resumeTime": 1.1714739,
      "endTime": 1.3946939,
      "displayFlags": 199,
      "filename": "fluidgm-0390.wav",
      "basePitch": 72.95,
      "minPitch": 72,
      "maxPitch": 74
    },
    {
      "volume": 1,
      "minVelocity": 0,
      "maxVelocity": 127,
      "attack": 0,
      "decay": 0,
      "sustain": 1,
      "release": 300.1,
      "startTime": 0,
      "resumeTime": 0.9701134,
      "endTime": 1.1877098,
      "displayFlags": 199,
      "filename": "fluidgm-0387.wav",
      "basePitch": 76.07,
      "minPitch": 75,
      "maxPitch": 77
    },
    {
      "volume": 1,
      "minVelocity": 0,
      "maxVelocity": 127,
      "attack": 0,
      "decay": 0,
      "sustain": 1,
      "release": 300.1,
      "startTime": 0,
      "resumeTime": 0.9701134,
      "endTime": 1.1877098,
      "displayFlags": 199,
      "filename": "fluidgm-0388.wav",
      "basePitch": 76.07,
      "minPitch": 75,
      "maxPitch": 77
    },
    {
      "volume": 1,
      "minVelocity": 0,
      "maxVelocity": 127,
      "attack": 0,
      "decay": 0,
      "sustain": 1,
      "release": 300.1,
      "startTime": 0,
      "resumeTime": 0.8639229,
      "endTime": 1.0497959,
      "displayFlags": 199,
      "filename": "fluidgm-0385.wav",
      "basePitch": 78.97,
      "minPitch": 78,
      "maxPitch": 80
    },
    {
      "volume": 1,
      "minVelocity": 0,
      "maxVelocity": 127,
      "attack": 0,
      "decay": 0,
      "sustain": 1,
      "release": 300.1,
      "startTime": 0,
      "resumeTime": 0.8639229,
      "endTime": 1.0497959,
      "displayFlags": 199,
      "filename": "fluidgm-0386.wav",
      "basePitch": 78.97,
      "minPitch": 78,
      "maxPitch": 80
    },
    {
      "volume": 1,
      "minVelocity": 0,
      "maxVelocity": 127,
      "attack": 0,
      "decay": 0,
      "sustain": 1,
      "release": 300.1,
      "startTime": 0,
      "resumeTime": 1.4978458,
      "endTime": 1.6768254,
      "displayFlags": 199,
      "filename": "fluidgm-0383.wav",
      "basePitch": 82,
      "minPitch": 81,
      "maxPitch": 83
    },
    {
      "volume": 1,
      "minVelocity": 0,
      "maxVelocity": 127,
      "attack": 0,
      "decay": 0,
      "sustain": 1,
      "release": 300.1,
      "startTime": 0,
      "resumeTime": 1.4978458,
      "endTime": 1.6768254,
      "displayFlags": 199,
      "filename": "fluidgm-0384.wav",
      "basePitch": 82,
      "minPitch": 81,
      "maxPitch": 83
    },
    {
      "volume": 1,
      "minVelocity": 0,
      "maxVelocity": 127,
      "attack": 0,
      "decay": 0,
      "sustain": 1,
      "release": 300.1,
      "startTime": 0,
      "resumeTime": 0.6902948,
      "endTime": 0.8693424,
      "displayFlags": 199,
      "filename": "fluidgm-0381.wav",
      "basePitch": 85,
      "minPitch": 84,
      "maxPitch": 86
    },
    {
      "volume": 1,
      "minVelocity": 0,
      "maxVelocity": 127,
      "attack": 0,
      "decay": 0,
      "sustain": 1,
      "release": 300.1,
      "startTime": 0,
      "resumeTime": 0.6902948,
      "endTime": 0.8693424,
      "displayFlags": 199,
      "filename": "fluidgm-0382.wav",
      "basePitch": 85,
      "minPitch": 84,
      "maxPitch": 86
    },
    {
      "volume": 1,
      "minVelocity": 0,
      "maxVelocity": 127,
      "attack": 0,
      "decay": 0,
      "sustain": 1,
      "release": 300.1,
      "startTime": 0,
      "resumeTime": 0.7111111,
      "endTime": 0.8881859,
      "displayFlags": 199,
      "filename": "fluidgm-0379.wav",
      "basePitch": 87.93,
      "minPitch": 87,
      "maxPitch": 89
    },
    {
      "volume": 1,
      "minVelocity": 0,
      "maxVelocity": 127,
      "attack": 0,
      "decay": 0,
      "sustain": 1,
      "release": 300.1,
      "startTime": 0,
      "resumeTime": 0.7111111,
      "endTime": 0.8881859,
      "displayFlags": 199,
      "filename": "fluidgm-0380.wav",
      "basePitch": 87.93,
      "minPitch": 87,
      "maxPitch": 89
    },
    {
      "volume": 1,
      "minVelocity": 0,
      "maxVelocity": 127,
      "attack": 0,
      "decay": 0,
      "sustain": 1,
      "release": 300.1,
      "startTime": 0,
      "resumeTime": 1.2193651,
      "endTime": 1.4024036,
      "displayFlags": 199,
      "filename": "fluidgm-0377.wav",
      "basePitch": 91.32,
      "minPitch": 90,
      "maxPitch": 96
    },
    {
      "volume": 1,
      "minVelocity": 0,
      "maxVelocity": 127,
      "attack": 0,
      "decay": 0,
      "sustain": 1,
      "release": 300.1,
      "startTime": 0,
      "resumeTime": 1.2193651,
      "endTime": 1.4024036,
      "displayFlags": 199,
      "filename": "fluidgm-0378.wav",
      "basePitch": 91.32,
      "minPitch": 90,
      "maxPitch": 96
    }
  ]
}