{
  "name": "Brass Section",
  "volume": 1.0,
  "samples": [
    {
      "volume": 1,
      "minVelocity": 0,
      "maxVelocity": 127,
      "attack": 8,
      "decay": 1,
      "sustain": 1,
      "release": 523,
      "startTime": 0,
      "resumeTime": 0.5901134,
      "endTime": 2.2771882,
      "displayFlags": 199,
      "filename": "general-0786.wav",
      "basePitch": 60,
      "minPitch": 0,
      "maxPitch": 64
    },
    {
      "volume": 1,
      "minVelocity": 0,
      "maxVelocity": 127,
      "attack": 8,
      "decay": 1,
      "sustain": 1,
      "release": 523,
      "startTime": 0,
      "resumeTime": 0.455737,
      "endTime": 1.7229025,
      "displayFlags": 199,
      "filename": "general-0785.wav",
      "basePitch": 67,
      "minPitch": 65,
      "maxPitch": 70
    },
    {
      "volume": 1,
      "minVelocity": 0,
      "maxVelocity": 127,
      "attack": 8,
      "decay": 1,
      "sustain": 1,
      "release": 523,
      "startTime": 0,
      "resumeTime": 0.2827664,
      "endTime": 1.7134921,
      "displayFlags": 199,
      "filename": "general-0784.wav",
      "basePitch": 72,
      "minPitch": 71,
      "maxPitch": 73
    },
    {
      "volume": 1,
      "minVelocity": 0,
      "maxVelocity": 127,
      "attack": 8,
      "decay": 1,
      "sustain": 1,
      "release": 523,
      "startTime": 0,
      "resumeTime": 0.6264853,
      "endTime": 1.761746,
      "displayFlags": 199,
      "filename": "general-0783.wav",
      "basePitch": 76,
      "minPitch": 74,
      "maxPitch": 77
    },
    {
      "volume": 1,
      "minVelocity": 0,
      "maxVelocity": 127,
      "attack": 8,
      "decay": 1,
      "sustain": 1,
      "release": 523,
      "startTime": 0,
      "resumeTime": 0.4418367,
      "endTime": 1.5231293,
      "displayFlags": 199,
      "filename": "general-0782.wav",
      "basePitch": 79,
      "minPitch": 78,
      "maxPitch": 82
    },
    {
      "volume": 1,
      "minVelocity": 0,
      "maxVelocity": 127,
      "attack": 8,
      "decay": 1,
      "sustain": 1,
      "release": 523,
      "startTime": 0,
      "resumeTime": 0.5120181,
      "endTime": 1.4069388,
      "displayFlags": 199,
      "filename": "general-0781.wav",
      "basePitch": 84,
      "minPitch": 83,
      "maxPitch": 108
    }
  ]
}