{"name":"Drumkit 2","volume":1.0,"samples":[{"filename":"drumkit_b_kick-36.wav","volume":1.0,"minPitch":24,"maxPitch":36,"minVelocity":0,"maxVelocity":127,"attack":0.0,"decay":0.0,"sustain":1.0,"release":40.0,"basePitch":36,"startTime":0.0,"resumeTime":-1.0,"endTime":0.4650793671607971,"shouldUseDefaultLoopStart":true,"shouldUseDefaultLoopResume":true,"shouldUseDefaultLoopEnd":true,"displayFlags":2823},{"filename":"drumkit_b_sidestick-37.wav","volume":1.0,"minPitch":37,"maxPitch":37,"minVelocity":0,"maxVelocity":127,"attack":0.0,"decay":0.0,"sustain":1.0,"release":40.0,"basePitch":37,"startTime":0.0,"resumeTime":-1.0,"endTime":0.11950113624334335,"shouldUseDefaultLoopStart":true,"shouldUseDefaultLoopResume":true,"shouldUseDefaultLoopEnd":true,"displayFlags":2823},{"filename":"drumkit_b_snare-38.wav","volume":0.60953688621521,"minPitch":38,"maxPitch":39,"minVelocity":0,"maxVelocity":127,"attack":0.0,"decay":0.0,"sustain":1.0,"release":40.0,"basePitch":36,"startTime":0.0,"resumeTime":-1.0,"endTime":0.5180952548980713,"shouldUseDefaultLoopStart":true,"shouldUseDefaultLoopResume":true,"shouldUseDefaultLoopEnd":true,"displayFlags":2823},{"filename":"drumkit_b_clap-40.wav","volume":1.0,"minPitch":40,"maxPitch":41,"minVelocity":0,"maxVelocity":127,"attack":0.0,"decay":0.0,"sustain":1.0,"release":40.0,"basePitch":37,"startTime":0.0,"resumeTime":-1.0,"endTime":0.8220407962799072,"shouldUseDefaultLoopStart":true,"shouldUseDefaultLoopResume":true,"shouldUseDefaultLoopEnd":true,"displayFlags":2823},{"filename":"drumkit_b_hat_cl-42.wav","volume":0.3162277638912201,"minPitch":42,"maxPitch":45,"minVelocity":0,"maxVelocity":127,"attack":0.0,"decay":0.0,"sustain":1.0,"release":40.0,"basePitch":42,"startTime":0.0,"resumeTime":-1.0,"endTime":0.059274375438690186,"shouldUseDefaultLoopStart":true,"shouldUseDefaultLoopResume":true,"shouldUseDefaultLoopEnd":true,"displayFlags":2823},{"filename":"drumkit_b_hat_op-46.wav","volume":1.0,"minPitch":46,"maxPitch":48,"minVelocity":0,"maxVelocity":127,"attack":0.0,"decay":0.0,"sustain":1.0,"release":40.0,"basePitch":46,"startTime":0.0,"resumeTime":-1.0,"endTime":0.5993877649307251,"shouldUseDefaultLoopStart":true,"shouldUseDefaultLoopResume":true,"shouldUseDefaultLoopEnd":true,"displayFlags":2823}]}
