{
  "name": "Bass",
  "volume": 1,
  "samples": [
    {
      "volume": 1,
      "minVelocity": 0,
      "maxVelocity": 127,
      "attack": 0,
      "decay": 0,
      "sustain": 1,
      "release": 40,
      "startTime": 0,
      "resumeTime": -1,
      "endTime": 0,
      "shouldUseDefaultLoopStart": true,
      "shouldUseDefaultLoopResume": true,
      "shouldUseDefaultLoopEnd": true,
      "displayFlags": 7,
      "filename": "charlie_bass-28.wav",
      "minPitch": 0,
      "basePitch": 28,
      "maxPitch": 29
    },
    {
      "volume": 1,
      "minVelocity": 0,
      "maxVelocity": 127,
      "attack": 0,
      "decay": 0,
      "sustain": 1,
      "release": 40,
      "startTime": 0,
      "resumeTime": -1,
      "endTime": 0,
      "shouldUseDefaultLoopStart": true,
      "shouldUseDefaultLoopResume": true,
      "shouldUseDefaultLoopEnd": true,
      "displayFlags": 7,
      "filename": "charlie_bass-30.wav",
      "minPitch": 30,
      "basePitch": 30,
      "maxPitch": 31
    },
    {
      "volume": 1,
      "minVelocity": 0,
      "maxVelocity": 127,
      "attack": 0,
      "decay": 0,
      "sustain": 1,
      "release": 40,
      "startTime": 0,
      "resumeTime": -1,
      "endTime": 0,
      "shouldUseDefaultLoopStart": true,
      "shouldUseDefaultLoopResume": true,
      "shouldUseDefaultLoopEnd": true,
      "displayFlags": 7,
      "filename": "charlie_bass-32.wav",
      "minPitch": 32,
      "basePitch": 32,
      "maxPitch": 33
    },
    {
      "volume": 1,
      "minVelocity": 0,
      "maxVelocity": 127,
      "attack": 0,
      "decay": 0,
      "sustain": 1,
      "release": 40,
      "startTime": 0,
      "resumeTime": -1,
      "endTime": 0,
      "shouldUseDefaultLoopStart": true,
      "shouldUseDefaultLoopResume": true,
      "shouldUseDefaultLoopEnd": true,
      "displayFlags": 7,
      "filename": "charlie_bass-34.wav",
      "minPitch": 34,
      "basePitch": 34,
      "maxPitch": 35
    },
    {
      "volume": 1,
      "minVelocity": 0,
      "maxVelocity": 127,
      "attack": 0,
      "decay": 0,
      "sustain": 1,
      "release": 40,
      "startTime": 0,
      "resumeTime": -1,
      "endTime": 0,
      "shouldUseDefaultLoopStart": true,
      "shouldUseDefaultLoopResume": true,
      "shouldUseDefaultLoopEnd": true,
      "displayFlags": 7,
      "filename": "charlie_bass-36.wav",
      "minPitch": 36,
      "basePitch": 36,
      "maxPitch": 37
    },
    {
      "volume": 1,
      "minVelocity": 0,
      "maxVelocity": 127,
      "attack": 0,
      "decay": 0,
      "sustain": 1,
      "release": 40,
      "startTime": 0,
      "resumeTime": -1,
      "endTime": 0,
      "shouldUseDefaultLoopStart": true,
      "shouldUseDefaultLoopResume": true,
      "shouldUseDefaultLoopEnd": true,
      "displayFlags": 7,
      "filename": "charlie_bass-38.wav",
      "minPitch": 38,
      "basePitch": 38,
      "maxPitch": 39
    },
    {
      "volume": 1,
      "minVelocity": 0,
      "maxVelocity": 127,
      "attack": 0,
      "decay": 0,
      "sustain": 1,
      "release": 40,
      "startTime": 0,
      "resumeTime": -1,
      "endTime": 0,
      "shouldUseDefaultLoopStart": true,
      "shouldUseDefaultLoopResume": true,
      "shouldUseDefaultLoopEnd": true,
      "displayFlags": 7,
      "filename": "charlie_bass-40.wav",
      "minPitch": 40,
      "basePitch": 40,
      "maxPitch": 41
    },
    {
      "volume": 1,
      "minVelocity": 0,
      "maxVelocity": 127,
      "attack": 0,
      "decay": 0,
      "sustain": 1,
      "release": 40,
      "startTime": 0,
      "resumeTime": -1,
      "endTime": 0,
      "shouldUseDefaultLoopStart": true,
      "shouldUseDefaultLoopResume": true,
      "shouldUseDefaultLoopEnd": true,
      "displayFlags": 7,
      "filename": "charlie_bass-42.wav",
      "minPitch": 42,
      "basePitch": 42,
      "maxPitch": 43
    },
    {
      "volume": 1,
      "minVelocity": 0,
      "maxVelocity": 127,
      "attack": 0,
      "decay": 0,
      "sustain": 1,
      "release": 40,
      "startTime": 0,
      "resumeTime": -1,
      "endTime": 0,
      "shouldUseDefaultLoopStart": true,
      "shouldUseDefaultLoopResume": true,
      "shouldUseDefaultLoopEnd": true,
      "displayFlags": 7,
      "filename": "charlie_bass-44.wav",
      "minPitch": 44,
      "basePitch": 44,
      "maxPitch": 45
    },
    {
      "volume": 1,
      "minVelocity": 0,
      "maxVelocity": 127,
      "attack": 0,
      "decay": 0,
      "sustain": 1,
      "release": 40,
      "startTime": 0,
      "resumeTime": -1,
      "endTime": 0,
      "shouldUseDefaultLoopStart": true,
      "shouldUseDefaultLoopResume": true,
      "shouldUseDefaultLoopEnd": true,
      "displayFlags": 7,
      "filename": "charlie_bass-46.wav",
      "minPitch": 46,
      "basePitch": 46,
      "maxPitch": 49
    },
    {
      "volume": 1,
      "minVelocity": 0,
      "maxVelocity": 127,
      "attack": 0,
      "decay": 0,
      "sustain": 1,
      "release": 40,
      "startTime": 0,
      "resumeTime": -1,
      "endTime": 0,
      "shouldUseDefaultLoopStart": true,
      "shouldUseDefaultLoopResume": true,
      "shouldUseDefaultLoopEnd": true,
      "displayFlags": 7,
      "filename": "charlie_bass-50.wav",
      "minPitch": 50,
      "basePitch": 50,
      "maxPitch": 51
    },
    {
      "volume": 1,
      "minVelocity": 0,
      "maxVelocity": 127,
      "attack": 0,
      "decay": 0,
      "sustain": 1,
      "release": 40,
      "startTime": 0,
      "resumeTime": -1,
      "endTime": 0,
      "shouldUseDefaultLoopStart": true,
      "shouldUseDefaultLoopResume": true,
      "shouldUseDefaultLoopEnd": true,
      "displayFlags": 7,
      "filename": "charlie_bass-52.wav",
      "minPitch": 52,
      "basePitch": 52,
      "maxPitch": 53
    },
    {
      "volume": 1,
      "minVelocity": 0,
      "maxVelocity": 127,
      "attack": 0,
      "decay": 0,
      "sustain": 1,
      "release": 40,
      "startTime": 0,
      "resumeTime": -1,
      "endTime": 0,
      "shouldUseDefaultLoopStart": true,
      "shouldUseDefaultLoopResume": true,
      "shouldUseDefaultLoopEnd": true,
      "displayFlags": 7,
      "filename": "charlie_bass-54.wav",
      "minPitch": 54,
      "basePitch": 54,
      "maxPitch": 55
    },
    {
      "volume": 1,
      "minVelocity": 0,
      "maxVelocity": 127,
      "attack": 0,
      "decay": 0,
      "sustain": 1,
      "release": 40,
      "startTime": 0,
      "resumeTime": -1,
      "endTime": 0,
      "shouldUseDefaultLoopStart": true,
      "shouldUseDefaultLoopResume": true,
      "shouldUseDefaultLoopEnd": true,
      "displayFlags": 7,
      "filename": "charlie_bass-56.wav",
      "minPitch": 56,
      "basePitch": 56,
      "maxPitch": 57
    },
    {
      "volume": 1,
      "minVelocity": 0,
      "maxVelocity": 127,
      "attack": 0,
      "decay": 0,
      "sustain": 1,
      "release": 40,
      "startTime": 0,
      "resumeTime": -1,
      "endTime": 0,
      "shouldUseDefaultLoopStart": true,
      "shouldUseDefaultLoopResume": true,
      "shouldUseDefaultLoopEnd": true,
      "displayFlags": 7,
      "filename": "charlie_bass-58.wav",
      "minPitch": 58,
      "basePitch": 58,
      "maxPitch": 59
    },
    {
      "volume": 1,
      "minVelocity": 0,
      "maxVelocity": 127,
      "attack": 0,
      "decay": 0,
      "sustain": 1,
      "release": 40,
      "startTime": 0,
      "resumeTime": -1,
      "endTime": 0,
      "shouldUseDefaultLoopStart": true,
      "shouldUseDefaultLoopResume": true,
      "shouldUseDefaultLoopEnd": true,
      "displayFlags": 7,
      "filename": "charlie_bass-60.wav",
      "minPitch": 60,
      "basePitch": 60,
      "maxPitch": 127
    }
  ]
}