{"name":"Drumkit 3","volume":1,"samples":[{"volume":1,"minVelocity":0,"maxVelocity":127,"attack":0,"decay":0,"sustain":1,"release":40,"startTime":0,"resumeTime":-1,"endTime":0,"shouldUseDefaultLoopStart":true,"shouldUseDefaultLoopResume":true,"shouldUseDefaultLoopEnd":true,"displayFlags":7,"filename":"drumkit_c_kick-36.wav","minPitch":0,"basePitch":36,"maxPitch":36},{"volume":1,"minVelocity":0,"maxVelocity":127,"attack":0,"decay":0,"sustain":1,"release":40,"startTime":0,"resumeTime":-1,"endTime":0,"shouldUseDefaultLoopStart":true,"shouldUseDefaultLoopResume":true,"shouldUseDefaultLoopEnd":true,"displayFlags":7,"filename":"drumkit_c_sidestick-37.wav","minPitch":37,"basePitch":37,"maxPitch":37},{"volume":1,"minVelocity":0,"maxVelocity":127,"attack":0,"decay":0,"sustain":1,"release":40,"startTime":0,"resumeTime":-1,"endTime":0,"shouldUseDefaultLoopStart":true,"shouldUseDefaultLoopResume":true,"shouldUseDefaultLoopEnd":true,"displayFlags":7,"filename":"drumkit_c_snare-38.wav","minPitch":38,"basePitch":38,"maxPitch":39},{"volume":1,"minVelocity":0,"maxVelocity":127,"attack":0,"decay":0,"sustain":1,"release":40,"startTime":0,"resumeTime":-1,"endTime":0,"shouldUseDefaultLoopStart":true,"shouldUseDefaultLoopResume":true,"shouldUseDefaultLoopEnd":true,"displayFlags":7,"filename":"drumkit_c_clap-40.wav","minPitch":40,"basePitch":40,"maxPitch":41},{"volume":1,"minVelocity":0,"maxVelocity":127,"attack":0,"decay":0,"sustain":1,"release":40,"startTime":0,"resumeTime":-1,"endTime":0,"shouldUseDefaultLoopStart":true,"shouldUseDefaultLoopResume":true,"shouldUseDefaultLoopEnd":true,"displayFlags":7,"filename":"drumkit_c_hat-cl-42.wav","minPitch":42,"basePitch":42,"maxPitch":45},{"volume":1,"minVelocity":0,"maxVelocity":127,"attack":0,"decay":0,"sustain":1,"release":40,"startTime":0,"resumeTime":-1,"endTime":0,"shouldUseDefaultLoopStart":true,"shouldUseDefaultLoopResume":true,"shouldUseDefaultLoopEnd":true,"displayFlags":7,"filename":"drumkit_c_hat_op-46.wav","minPitch":46,"basePitch":46,"maxPitch":127}]}